,Lc_x,f0,angle,Peak_Sliding_Left,Peak_Uplift_Left,Peak_Sliding_Bottom,Peak_Uplift_Bottom,Peak_Sliding_Right,Peak_Uplift_Right,PGUx,PGUz,PGVx,PGVz,PGAx,PGAz
0,40,0.5,0,0.006571646,0.003724484,0.0009723742,0.007078846,0.006921268,0.0035447404,0.30425743453414356,0.09795951946940629,0.19787885,0.028291216,0.30425743453414356,0.09795951946940629
1,40,0.5,0,0.0061665853,0.004968524,0.0010015636,0.0061665853,0.0040034843,0.001398221,0.37635507376836586,0.1309295819492292,0.15395656,0.029620592,0.37635507376836586,0.1309295819492292
2,40,0.5,0,0.012281634,0.0034060157,0.00096940453,0.012281634,0.011394956,0.0029941325,0.31554219442283227,0.07933391030433556,0.21576545,0.07950974,0.31554219442283227,0.07933391030433556
3,40,0.5,0,0.006303514,0.0025862749,0.0023785476,0.009575163,0.009919208,0.003998522,0.4493654674265599,0.1096560523140786,0.3597526,0.12273392,0.4493654674265599,0.1096560523140786
4,40,0.5,0,0.004386732,0.000523196,0.0008237909,0.004284702,0.0032593207,0.0014744094,0.30799844046242697,0.04586641162086902,0.21938542,0.057677425,0.30799844046242697,0.04586641162086902
5,40,0.5,30,0.010623353,0.0026546428,0.00814754,0.011563697,0.011112122,0.021223633,0.4245098560380285,0.359953727450403,0.2049023,0.15961044,0.4245098560380285,0.359953727450403
6,40,0.5,30,0.005421116,0.0023663524,0.003205666,0.008723623,0.008723623,0.02408295,0.42601759737820544,0.30311721426715366,0.17688374,0.1290001,0.42601759737820544,0.30311721426715366
7,40,0.5,30,0.0015917185,0.0011531928,0.0045347996,0.00874681,0.00874681,0.02262731,0.24830018850312285,0.2693144116944097,0.15379843,0.1110165,0.24830018850312285,0.2693144116944097
8,40,0.5,30,0.0013253003,0.0017785742,0.0040091313,0.005162271,0.0052462663,0.014066995,0.2016437190855882,0.1527106045460549,0.13714316,0.09621204,0.2016437190855882,0.1527106045460549
9,40,0.5,30,0.00020797142,0.000446964,0.0024366146,0.0031639885,0.003342971,0.0067396895,0.15539193162226894,0.11793788836764563,0.12953983,0.08917322,0.15539193162226894,0.11793788836764563
10,40,1.0,0,0.018434854,0.0029574283,0.0012167728,0.018638307,0.018642446,0.006546839,0.9878129496920565,0.9784565711817668,0.267599,0.12045658,0.9878129496920565,0.9784565711817668
11,40,1.0,0,0.013204585,0.0027023416,0.0018566329,0.019655263,0.020941107,0.01236446,1.6195197613292933,0.8844277997601786,0.4022157,0.07434449,1.6195197613292933,0.8844277997601786
12,40,1.0,0,0.01043114,0.0017501438,0.0017501438,0.014021562,0.014536604,0.005545267,1.1997813082898858,0.4547766620193272,0.2981553,0.07032113,1.1997813082898858,0.4547766620193272
13,40,1.0,0,0.010645586,0.0005363097,0.0005363097,0.012233691,0.012233691,0.0057541113,0.8922551273249084,0.7622972475202149,0.23109113,0.04254967,0.8922551273249084,0.7622972475202149
14,40,1.0,0,0.013192586,0.0008756701,0.0011642794,0.01377151,0.01377151,0.0044230986,1.040354247070347,0.5319635442806212,0.27404147,0.077183746,1.040354247070347,0.5319635442806212
15,40,1.0,30,0.004542127,0.001623405,0.0041942433,0.0070141177,0.0055054594,0.013326364,0.8447171596924647,0.6485107430765709,0.22923762,0.15481697,0.8447171596924647,0.6485107430765709
16,40,1.0,30,0.0030319989,0.002137252,0.0044734813,0.010548648,0.010417313,0.021253934,0.5931163766018841,0.5804645387006957,0.1931478,0.1318014,0.5931163766018841,0.5804645387006957
17,40,1.0,30,0.015682701,0.0028218417,0.0030483129,0.019839186,0.019839186,0.02668437,1.0455572070114698,1.2978195677349404,0.22443858,0.17196405,1.0455572070114698,1.2978195677349404
18,40,1.0,30,0.01926876,0.0055431416,0.0067723915,0.016506623,0.008018066,0.025991527,1.3945243043583702,0.9940521130964157,0.27231956,0.17472565,1.3945243043583702,0.9940521130964157
19,40,1.0,30,0.0043776073,0.0014551111,0.0036768576,0.007771454,0.0073239976,0.028179195,0.89171895189331,1.0231438157410722,0.25282788,0.16138819,0.89171895189331,1.0231438157410722
20,40,2.0,0,0.00819268,0.0036313916,0.0013119838,0.013741767,0.013741767,0.010860259,2.0477656064251804,0.9854139409358762,0.22097965,0.16570051,2.0477656064251804,0.9854139409358762
21,40,2.0,0,0.009067691,0.0013610622,0.0012752117,0.014643976,0.014743676,0.010492929,1.7976188542698104,0.9995429301372099,0.2839233,0.17690556,1.7976188542698104,0.9995429301372099
22,40,2.0,0,0.08291671,0.025145039,0.006710533,0.08299588,0.07651226,0.013587191,5.498690704166712,4.348870066677458,0.5432406,0.3460752,5.498690704166712,4.348870066677458
23,40,2.0,0,0.05415839,0.010829154,0.007151039,0.0600442,0.05997521,0.02285509,5.999230913172706,3.5898903444928685,0.5279255,0.20363948,5.999230913172706,3.5898903444928685
24,40,2.0,0,0.024756704,0.003580517,0.003458576,0.04022317,0.04022317,0.031379756,4.577244776629165,2.715425515526743,0.36348373,0.2295339,4.577244776629165,2.715425515526743
25,40,2.0,30,0.005346605,0.0011998216,0.0033653216,0.011080219,0.011304788,0.013191895,0.5953730774523471,0.9674012882865455,0.15615056,0.105874255,0.5953730774523471,0.9674012882865455
26,40,2.0,30,0.010607862,0.0020152086,0.004787459,0.022978835,0.023118688,0.025458993,1.9446971798789203,2.6743937145912042,0.25881076,0.18989903,1.9446971798789203,2.6743937145912042
27,40,2.0,30,0.090902664,0.004291761,0.008584441,0.10421604,0.10421604,0.049478855,4.248510315481539,4.581653653277108,0.50672925,0.47745582,4.248510315481539,4.581653653277108
28,40,2.0,30,0.05963634,0.004700877,0.0081121875,0.06812666,0.06826909,0.034992337,3.3216489251858974,4.446238826697211,0.33116454,0.2949902,3.3216489251858974,4.446238826697211
29,40,2.0,30,0.028928636,0.0024254539,0.0049919044,0.032956067,0.03293003,0.03281055,3.1198201800972427,3.492455620157153,0.36698785,0.28246117,3.1198201800972427,3.492455620157153
30,200,0.5,0,0.004796641,0.0029838933,0.0005035856,0.0045229075,0.0041689468,0.0012323533,0.26263080045814746,0.061330002377570914,0.18033427,0.026331844,0.26263080045814746,0.061330002377570914
31,200,0.5,0,0.0063354676,0.0015585002,0.00048697498,0.006581175,0.006580215,0.001713969,0.31426111665320633,0.03914271865122984,0.19848903,0.02341943,0.31426111665320633,0.03914271865122984
32,200,0.5,0,0.0043854467,0.0016378312,0.00026566107,0.0043854467,0.0042663976,0.0020724605,0.3373340336664228,0.0729996620294262,0.251101,0.023610102,0.3373340336664228,0.0729996620294262
33,200,0.5,0,0.004950286,0.0045575425,0.0013710776,0.004889827,0.004643691,0.002913271,0.29081262030918253,0.025932124501827414,0.21908803,0.025456557,0.29081262030918253,0.025932124501827414
34,200,0.5,0,0.0027862375,0.0026505755,0.00025781422,0.0027862375,0.0017956385,0.0007457998,0.25085730511683124,0.07684304622190102,0.1823333,0.072526045,0.25085730511683124,0.07684304622190102
35,200,0.5,30,0.0043098326,0.0009861158,0.0020044835,0.0050870813,0.005068872,0.012886349,0.22368916310009013,0.2567759802640168,0.15662943,0.11750119,0.22368916310009013,0.2567759802640168
36,200,0.5,30,0.00017247461,0.00054207904,0.0019090899,0.0012854509,0.0014250543,0.005820866,0.23723716937384864,0.16468144412618813,0.16331217,0.11352245,0.23723716937384864,0.16468144412618813
37,200,0.5,30,0.0021534464,0.0006602133,0.0060521523,0.003115978,0.0017739796,0.015699437,0.28603235343817346,0.20090402805831786,0.1707873,0.11495781,0.28603235343817346,0.20090402805831786
38,200,0.5,30,0.00065931154,0.0019304419,0.012401237,0.0041681994,0.0031183325,0.028225545,0.16768004192291386,0.14652882486096885,0.13604186,0.08961033,0.16768004192291386,0.14652882486096885
39,200,0.5,30,0.014854199,0.0025353248,0.0087374095,0.026063796,0.026668984,0.031226277,0.308129904011615,0.4324784240589139,0.21070985,0.19032495,0.308129904011615,0.4324784240589139
40,200,1.0,0,0.0032187619,0.0016627229,0.00023404602,0.0031752295,0.0027551812,0.00062261516,0.5723649457788298,0.11439468158773347,0.1605533,0.032379523,0.5723649457788298,0.11439468158773347
41,200,1.0,0,0.0023568848,0.00045709693,0.0004829419,0.004364044,0.004730297,0.004795494,1.2103206791549255,0.3428781524717066,0.28122544,0.04908372,1.2103206791549255,0.3428781524717066
42,200,1.0,0,0.014755805,0.00070781034,0.0007207359,0.01741518,0.01741518,0.007972202,1.5595657641856917,1.001498378012429,0.36413744,0.08819805,1.5595657641856917,1.001498378012429
43,200,1.0,0,0.017299712,0.001034815,0.001034815,0.019481294,0.019481294,0.005523963,1.1078362526158472,1.0182895368700526,0.27640566,0.09002703,1.1078362526158472,1.0182895368700526
44,200,1.0,0,0.0102411555,0.0027125303,0.0027125303,0.015653733,0.016210904,0.008378989,1.4600270852201689,0.726399419621015,0.33752882,0.07815661,1.4600270852201689,0.726399419621015
45,200,1.0,30,0.015541864,0.0041691842,0.0023342543,0.015106627,0.013714172,0.014284132,1.23084950048343,0.8008732673809433,0.21916805,0.118696064,1.23084950048343,0.8008732673809433
46,200,1.0,30,0.004004918,0.0013181003,0.008826612,0.010261537,0.009549677,0.025197024,0.9509987750604836,0.8491352010511974,0.2266597,0.19663489,0.9509987750604836,0.8491352010511974
47,200,1.0,30,0.00039051444,0.0010241469,0.011843091,0.0037984091,0.003555149,0.020238237,0.9164551901457827,0.4399170128752097,0.17541032,0.12212031,0.9164551901457827,0.4399170128752097
48,200,1.0,30,0.012355317,0.00084395637,0.0012902467,0.015811892,0.015811892,0.015997874,0.8945680838792995,1.257493050666021,0.22072372,0.12953605,0.8945680838792995,1.257493050666021
49,200,1.0,30,0.0011563377,0.0008596733,0.0031560443,0.0019229975,0.0017218562,0.011865709,0.8422389264084984,0.556458054370033,0.20313492,0.15606782,0.8422389264084984,0.556458054370033
50,200,2.0,0,0.025169397,0.0021408047,0.0018624014,0.034076322,0.034076322,0.020845462,2.632498673750714,3.78276151164701,0.30916208,0.13387589,2.632498673750714,3.78276151164701
51,200,2.0,0,0.050016694,0.011474003,0.0028108635,0.05002265,0.049500886,0.0150231365,4.054258775013864,2.9413807828475385,0.5303515,0.22353351,4.054258775013864,2.9413807828475385
52,200,2.0,0,0.03897328,0.00462869,0.00462869,0.045489274,0.045513157,0.018721478,4.642884206969157,2.827687116962025,0.40643805,0.16868548,4.642884206969157,2.827687116962025
53,200,2.0,0,0.0036479759,0.0014209041,0.0026125482,0.008553374,0.009546857,0.010652044,3.1850777684206975,1.4802033466193834,0.34703583,0.097481765,3.1850777684206975,1.4802033466193834
54,200,2.0,0,0.025412612,0.008297018,0.008123874,0.04113951,0.043709435,0.026153378,3.5315327106618923,2.813377774076258,0.36782542,0.18439075,3.5315327106618923,2.813377774076258
55,200,2.0,30,0.009266047,0.0016002993,0.0015459525,0.013368388,0.013368388,0.015182923,1.441733025133587,2.5250326064328235,0.31352863,0.32708165,1.441733025133587,2.5250326064328235
56,200,2.0,30,0.004524129,0.002014096,0.0076402854,0.012598427,0.013830867,0.024719704,2.1749127210172254,3.3502106361078106,0.3048076,0.19182129,2.1749127210172254,3.3502106361078106
57,200,2.0,30,0.0007137786,0.0007618122,0.0032474971,0.004166244,0.004166244,0.013129295,0.7888241585267437,1.124078430684257,0.15105624,0.13910063,0.7888241585267437,1.124078430684257
58,200,2.0,30,0.031958926,0.003804098,0.003510873,0.037397545,0.037397545,0.02927801,3.0315785219496085,3.1830719669650307,0.2925597,0.2304069,3.0315785219496085,3.1830719669650307
59,200,2.0,30,0.022591555,0.0030287611,0.016283005,0.034988478,0.03648598,0.04144756,2.76136414824488,4.4150288121741355,0.31714877,0.18760547,2.76136414824488,4.4150288121741355
60,1000,0.5,0,0.0016825172,0.002003163,0.000288822,0.0016825172,0.00086751906,0.00032279475,0.22789718871571552,0.026883207189104974,0.1687008,0.016048802,0.22789718871571552,0.026883207189104974
61,1000,0.5,0,0.010181272,0.003954225,0.0015228555,0.0103487065,0.009672333,0.004893874,0.37111570221603785,0.19169532616484702,0.22955824,0.088295355,0.37111570221603785,0.19169532616484702
62,1000,0.5,0,0.0069950204,0.004243321,0.00068817544,0.0069950204,0.006051294,0.0024421879,0.34210202613951424,0.10271861028670903,0.2141645,0.07318598,0.34210202613951424,0.10271861028670903
63,1000,0.5,0,0.0025994994,0.00092552486,0.00052613614,0.0034245828,0.0034245828,0.0041755247,0.2915584441420833,0.055103965638478025,0.19944997,0.04897244,0.2915584441420833,0.055103965638478025
64,1000,0.5,0,0.006134658,0.005715693,0.0006565202,0.006134658,0.0034916962,0.0009788029,0.2742898373730043,0.05286338130698165,0.19157666,0.0663697,0.2742898373730043,0.05286338130698165
65,1000,0.5,30,0.002292992,0.00072435517,0.0057638693,0.0028926646,0.0021378044,0.010880152,0.2259330655766547,0.19566498336422455,0.15537937,0.10471839,0.2259330655766547,0.19566498336422455
66,1000,0.5,30,0.0003654295,0.0007581443,0.0015712816,0.0017225381,0.0017225381,0.0085940445,0.20771262929152812,0.13362549119735334,0.1497334,0.097651884,0.20771262929152812,0.13362549119735334
67,1000,0.5,30,0.004035473,0.0018708948,0.011251195,0.0035575286,0.00047951203,0.019748796,0.2914766467255987,0.2135400300686925,0.17536,0.10483348,0.2914766467255987,0.2135400300686925
68,1000,0.5,30,5.2175274e-05,0.0002781453,0.001741861,0.00092982285,0.00088245154,0.005876288,0.1606325208855921,0.1270450165271093,0.15148364,0.09448335,0.1606325208855921,0.1270450165271093
69,1000,0.5,30,0.0019824519,0.0010079776,0.006547636,0.003034187,0.0009619955,0.014899852,0.23894077629806532,0.15653127739237505,0.16520987,0.10373398,0.23894077629806532,0.15653127739237505
70,1000,1.0,0,0.01608464,0.0011430472,0.00082852715,0.016941605,0.016941605,0.005035131,1.1226558981080572,0.4911461101062575,0.29271752,0.06212761,1.1226558981080572,0.4911461101062575
71,1000,1.0,0,0.0036705984,0.000499887,0.000499887,0.0055544893,0.0058181286,0.0045629707,1.1908670789897187,0.2918253193576996,0.26933768,0.038763322,1.1908670789897187,0.2918253193576996
72,1000,1.0,0,0.0009131175,0.0007088754,0.00015095813,0.0009968381,0.0009903761,0.0010470343,0.7357354475488407,0.046054321104269436,0.21089558,0.026879787,0.7357354475488407,0.046054321104269436
73,1000,1.0,0,0.0064879716,0.001817037,0.0016420507,0.006477944,0.0058443267,0.0031716963,0.9193114830572497,0.20651093944697063,0.23278691,0.1073099,0.9193114830572497,0.20651093944697063
74,1000,1.0,0,0.007233815,0.0024940316,0.001595665,0.007094063,0.0076167104,0.003363405,1.0098558396883632,0.23050061690680756,0.24780089,0.15298916,1.0098558396883632,0.23050061690680756
75,1000,1.0,30,0.00015967175,0.0006188712,0.0035830517,0.0026903078,0.003170208,0.010146652,0.7348832980753741,0.3423370359509512,0.17179947,0.10582725,0.7348832980753741,0.3423370359509512
76,1000,1.0,30,0.008376864,0.00069110043,0.0010819095,0.010404353,0.010404353,0.010902616,0.6654228206101251,0.7424582831460995,0.18800548,0.118294135,0.6654228206101251,0.7424582831460995
77,1000,1.0,30,0.002451383,0.00047330183,0.000922242,0.004475317,0.004475317,0.008841253,0.5421544068607886,0.5864463763215966,0.177763,0.124866694,0.5421544068607886,0.5864463763215966
78,1000,1.0,30,0.00094638055,0.00091313274,0.0036248304,0.0053111347,0.0058350163,0.013491789,0.7240782120818423,0.37371094832968765,0.18693121,0.12424251,0.7240782120818423,0.37371094832968765
79,1000,1.0,30,0.00019865693,0.00090672664,0.0046901195,0.003790565,0.0041219248,0.01599995,0.4941712826713598,0.39158195897043413,0.16025813,0.117285304,0.4941712826713598,0.39158195897043413
80,1000,2.0,0,0.0105147315,0.0017601203,0.0039400146,0.01510047,0.016328257,0.01063251,2.6933839672383613,1.6017954430362984,0.31260926,0.064466365,2.6933839672383613,1.6017954430362984
81,1000,2.0,0,0.017276164,0.0022817727,0.001581644,0.020780843,0.021122212,0.010303648,3.0040427013237156,2.4958181400665698,0.27318186,0.084555134,3.0040427013237156,2.4958181400665698
82,1000,2.0,0,0.029459495,0.0075824875,0.001979394,0.030545194,0.03026249,0.009701941,4.829445980521216,3.581591052115078,0.3760906,0.14875917,4.829445980521216,3.581591052115078
83,1000,2.0,0,0.017032553,0.0024425178,0.0016845296,0.023059646,0.023059646,0.016357793,3.0374846396355863,2.2948012624734213,0.2926345,0.13520037,3.0374846396355863,2.2948012624734213
84,1000,2.0,0,0.035503853,0.008784249,0.0013728524,0.036362875,0.03596001,0.010532041,4.683257814317168,4.399165825430863,0.41395319,0.1409489,4.683257814317168,4.399165825430863
85,1000,2.0,30,0.0003388735,0.00040122107,0.0025173703,0.0032233302,0.0034359905,0.010008755,0.9762585822894252,0.8935995858656085,0.16907586,0.120608605,0.9762585822894252,0.8935995858656085
86,1000,2.0,30,0.00029743713,0.00073476305,0.010164748,0.006607104,0.007913501,0.023080992,1.5618219857393978,2.50983390313732,0.24606892,0.15718183,1.5618219857393978,2.50983390313732
87,1000,2.0,30,0.008747735,0.0037956953,0.003976216,0.016410284,0.016410284,0.02871541,2.1569393952699922,3.264837156240638,0.29619607,0.1647426,2.1569393952699922,3.264837156240638
88,1000,2.0,30,0.0034135503,0.00056756963,0.0012303647,0.005280216,0.005280216,0.008427898,1.0560679618844055,0.953893766198064,0.14932573,0.14268234,1.0560679618844055,0.953893766198064
89,1000,2.0,30,0.0011355064,0.00067434233,0.0029805542,0.0066460194,0.0071179084,0.013372906,1.9378284223975828,1.863159958146781,0.25282568,0.17876801,1.9378284223975828,1.863159958146781
